review_text,sentiment
"This product exceeded all my expectations! Absolutely love it.",positive
"Amazing quality and fast shipping. Highly recommend to everyone!",positive
"Best purchase I've made this year. Works perfectly every time.",positive
"Great value for money. Very satisfied with my order.",positive
"Excellent customer service and fantastic product quality.",positive
"Love this! It's exactly what I was looking for.",positive
"Superb quality, will definitely buy again. 5 stars!",positive
"Perfect fit and amazing design. Couldn't be happier!",positive
"Impressed with the build quality. Worth every penny.",positive
"Outstanding product. My family loves it too!",positive
"Wonderful experience from start to finish.",positive
"This made my life so much easier. Thank you!",positive
"Couldn't be happier with this purchase. Exceeded expectations.",positive
"Premium quality at an affordable price. Great deal!",positive
"Fast delivery and product works like a charm.",positive
"Absolutely fantastic! Changed my daily routine for the better.",positive
"So happy with this product. My friends are jealous!",positive
"This is a game changer! Highly recommend to everyone.",positive
"Exceeded expectations in every way possible.",positive
"Will be ordering more for gifts. Excellent quality!",positive
"The quality is remarkable. Very well made product.",positive
"Shipping was super fast and the item was well packaged.",positive
"Finally found what I was looking for. Perfect product!",positive
"Exceptional value. Much better than similar products.",positive
"Top notch quality and great customer support.",positive
"Terrible quality. Broke after one day of use.",negative
"Complete waste of money. Very disappointed with this.",negative
"Product looks nothing like the pictures. Misleading advertising.",negative
"Horrible customer service. Never buying from here again.",negative
"Item arrived damaged and took forever to ship.",negative
"Does not work as advertised. Total scam product.",negative
"Cheaply made product. Falls apart easily.",negative
"Not worth the price at all. Save your money.",negative
"Worst purchase ever. Returning immediately.",negative
"Product stopped working after a week. Junk quality.",negative
"Very poor quality material. Not recommended at all.",negative
"Shipping took 3 weeks and item was broken on arrival.",negative
"False advertising. Product is completely different from photos.",negative
"Disappointed with this purchase. Very low quality.",negative
"Would give zero stars if I could. Awful experience.",negative
"The worst experience I've had shopping online.",negative
"Useless product. Doesn't do what it claims.",negative
"Don't waste your time or money on this product.",negative
"Arrived broken and customer support was unhelpful.",negative
"Quality is terrible. Felt like a cheap knockoff.",negative
"Product fell apart after first use. Terrible quality.",negative
"Completely different from the description. Very misleading.",negative
"Took months to arrive and it was the wrong item.",negative
"Horrible fit and even worse quality. Not happy.",negative
"Refund process was a nightmare. Never again.",negative
"Really happy with the quick delivery and packaging.",positive
"Works great and looks even better in person.",positive
"My second time ordering. Just as good as the first.",positive
"Perfect addition to my collection. Love it!",positive
"Great product for the price. Very pleased.",positive
"Finally a product that lives up to the hype!",positive
"Would definitely recommend to friends and family.",positive
"Exactly as described. No complaints at all.",positive
"Customer service was very helpful and responsive.",positive
"Beautiful design and excellent functionality.",positive
"Didn't meet my expectations at all. Disappointed.",negative
"Overpriced for what you get. Not worth it.",negative
"Quality control is clearly lacking. Many defects.",negative
"Wish I had read the reviews before buying.",negative
"Seller never responded to my messages. Terrible service.",negative
"Product smells terrible and looks cheap.",negative
"Buttons stopped working after a few days.",negative
"Color is completely different from the picture.",negative
"Instructions were impossible to follow.",negative
"Missing parts when it arrived. Incomplete product.",negative
"Absolutely love this! Best decision I made this month.",positive
"High quality materials and excellent craftsmanship.",positive
"Better than I expected. Very impressed!",positive
"Easy to use and works perfectly every time.",positive
"The attention to detail is impressive.",positive
"Great purchase. Would buy again without hesitation.",positive
"Such a disappointment. Don't believe the positive reviews.",negative
"Fell apart within hours of using it.",negative
"Cheap plastic that breaks easily. Avoid this.",negative
"Nothing like what was advertised. Total fraud.",negative
"I've never been more disappointed with a purchase.",negative
"Save your money and buy something else. Terrible.",negative
"Fantastic product! Exceeded all expectations.",positive
"Very well designed and manufactured. Great quality.",positive
"This product is a scam. Stay away!",negative
"Extremely poor quality. Would not recommend.",negative
"Amazing value for money. Works perfectly!",positive
"Just what I needed. Perfect in every way.",positive
"Garbage product. Complete waste of money.",negative
"Do not buy. You will regret it. Terrible.",negative
"Incredible quality and fast shipping. Love it!",positive
"Best purchase of the year. Highly recommended!",positive
"Horrible experience from start to finish.",negative
"Product is defective and company doesn't care.",negative
"Outstanding performance and beautiful design.",positive
"Could not be happier with my purchase. Perfect!",positive
"Arrived damaged. Customer support useless. Avoid.",negative
"Nothing but problems with this product. Terrible.",negative
